{"$schema":"http://schema.management.azure.com/schemas/2015-01-01/deploymentTemplate.json#","contentVersion":"1.0.0.0","parameters":{"workspaceName":{"type":"string","metadata":"Workspace name","defaultValue":"mdb-synapse"},"staging":{"type":"string"},"AzureDataLakeStorage1":{"type":"string"}},"variables":{"workspaceId":"[concat('Microsoft.Synapse/workspaces/', parameters('workspaceName'))]"},"resources":[{"name":"[concat(parameters('workspaceName'), '/Storage-CopyPipeline_mdb_synapse_ded_pool_RTS')]","type":"Microsoft.Synapse/workspaces/pipelines","apiVersion":"2019-06-01-preview","properties":{"activities":[{"name":"Storage_copy_gen2_ded_pool","type":"Copy","dependsOn":[],"policy":{"timeout":"7.00:00:00","retry":0,"retryIntervalInSeconds":30,"secureOutput":false,"secureInput":false},"userProperties":[],"typeProperties":{"source":{"type":"JsonSource","storeSettings":{"type":"AzureBlobFSReadSettings","recursive":true,"enablePartitionDiscovery":false},"formatSettings":{"type":"JsonReadSettings"}},"sink":{"type":"SqlPoolSink","writeBehavior":"Upsert","upsertSettings":{"keys":["RowID"],"interimSchemaName":""}},"enableStaging":true,"stagingSettings":{"linkedServiceName":{"referenceName":"[parameters('staging')]","type":"LinkedServiceReference"},"path":"staging"}},"inputs":[{"referenceName":"sourcejson","type":"DatasetReference","parameters":{"filename":{"value":"@pipeline().parameters.DFTriggerfilename","type":"Expression"}}}],"outputs":[{"referenceName":"DestinationDataset_miu","type":"DatasetReference","parameters":{}}]}],"policy":{"elapsedTimeMetric":{},"cancelAfter":{}},"parameters":{"DFTriggerfilename":{"type":"string"}},"annotations":[],"lastPublishTime":"2022-08-11T06:41:47Z"},"dependsOn":["[concat(variables('workspaceId'), '/datasets/sourcejson')]","[concat(variables('workspaceId'), '/datasets/DestinationDataset_miu')]"]},{"name":"[concat(parameters('workspaceName'), '/sourcejson')]","type":"Microsoft.Synapse/workspaces/datasets","apiVersion":"2019-06-01-preview","properties":{"linkedServiceName":{"referenceName":"[parameters('AzureDataLakeStorage1')]","type":"LinkedServiceReference","parameters":{"filename":"@dataset().filename"}},"parameters":{"filename":{"type":"string","defaultValue":"superstore.json"}},"annotations":[],"type":"Json","typeProperties":{"location":{"type":"AzureBlobFSLocation","fileName":{"value":"@dataset().filename","type":"Expression"},"folderPath":"superstore","fileSystem":"mdbsynapsedlfs"}},"schema":{"type":"object","properties":{"Category":{"type":"string"},"City":{"type":"string"},"Country":{"type":"string"},"CustomerID":{"type":"string"},"CustomerName":{"type":"string"},"Discount":{"type":"string"},"OrderDate":{"type":"string"},"OrderID":{"type":"string"},"PostalCode":{"type":"string"},"ProductID":{"type":"string"},"ProductName":{"type":"string"},"Profit":{"type":"string"},"Quantity":{"type":"string"},"Region":{"type":"string"},"RowID":{"type":"string"},"Sales":{"type":"string"},"Segment":{"type":"string"},"ShipDate":{"type":"string"},"ShipMode":{"type":"string"},"State":{"type":"string"},"SubCategory":{"type":"string"}}}},"dependsOn":[]},{"name":"[concat(parameters('workspaceName'), '/DestinationDataset_miu')]","type":"Microsoft.Synapse/workspaces/datasets","apiVersion":"2019-06-01-preview","properties":{"annotations":[],"type":"SqlPoolTable","schema":[{"name":"RowID","type":"bigint","precision":19},{"name":"OrderID","type":"varchar"},{"name":"OrderDate","type":"datetime","precision":23,"scale":3},{"name":"ShipDate","type":"datetime","precision":23,"scale":3},{"name":"ShipMode","type":"varchar"},{"name":"CustomerID","type":"varchar"},{"name":"CustomerName","type":"varchar"},{"name":"Segment","type":"varchar"},{"name":"Country","type":"varchar"},{"name":"City","type":"varchar"},{"name":"State","type":"varchar"},{"name":"PostalCode","type":"varchar"},{"name":"Region","type":"varchar"},{"name":"ProductID","type":"varchar"},{"name":"Category","type":"varchar"},{"name":"SubCategory","type":"varchar"},{"name":"ProductName","type":"varchar"},{"name":"Sales","type":"money","precision":19,"scale":4},{"name":"Quantity","type":"bigint","precision":19},{"name":"Discount","type":"decimal","precision":18,"scale":0},{"name":"Profit","type":"decimal","precision":18,"scale":0}],"typeProperties":{"schema":"dbo","table":"SuperStore"},"sqlPool":{"referenceName":"mdbsynapse","type":"SqlPoolReference"}},"dependsOn":["[concat(variables('workspaceId'), '/sqlPools/mdbsynapse')]"]},{"name":"[concat(parameters('workspaceName'), '/mdbsynapse')]","type":"Microsoft.Synapse/workspaces/sqlPools","apiVersion":"2019-06-01-preview","properties":{"collation":"SQL_Latin1_General_CP1_CI_AS","maxSizeBytes":263882790666240,"annotations":[]},"dependsOn":[],"location":"centralindia"}]}